,FR-CRC,AT-CRC,CN-CRC,US-CRC,DE-CRC
CCIS00146684ST-4-0,0.5457019442519156,0.3977222232258477,0.5973258808730374,0.49793304898133756,0.49709160040871697
CCIS00281083ST-3-0,0.5070412194755713,0.4091461889903574,0.5992504221898056,0.49994393665485676,0.4818208042831713
CCIS02124300ST-4-0,0.7917972155196995,0.40583359010332326,0.6025650029247989,0.5012984071429228,0.4987918392534461
CCIS02379307ST-4-0,0.8153863307397833,0.40290488078235137,0.6040365558505028,0.5002219615196557,0.5010286436483695
CCIS02856720ST-4-0,0.1835910563123585,0.40443783997711236,0.5999927091521926,0.5006270411612123,0.49711133480426956
CCIS03473770ST-4-0,0.543369606867959,0.40361131949692297,0.6007273430510497,0.4971658269950584,0.4965067457057766
CCIS03857607ST-4-0,0.17934583651601887,0.402039485501497,0.6062123994508202,0.5009667799335354,0.49727035390791
CCIS05314658ST-4-0,0.509621260776326,0.4007394643593119,0.6012211468362331,0.5016272455970543,0.4992063759251167
CCIS06260551ST-3-0,0.1752393122567046,0.40322616426828134,0.6037038474108565,0.5018841383918946,0.5006479400207442
CCIS07277498ST-4-0,0.29418225017401645,0.4031558919475731,0.5972913083520344,0.49908716147090243,0.4955821361502452
CCIS07539127ST-4-0,0.45031774568731614,0.40218517815676086,0.6013891701232136,0.498080837193776,0.5001892782176549
CCIS07648107ST-4-0,0.5618619227381585,0.4010913564612842,0.6024501961375649,0.5008456576648104,0.49906912649568186
CCIS09568613ST-4-0,0.12077463637171586,0.41059244700900155,0.6015789079588938,0.5006522001620586,0.49845175531515973
CCIS10706551ST-3-0,0.1164453828982143,0.40853318895423635,0.5960896859340384,0.5000873314160647,0.5065270182319224
CCIS11015875ST-4-0,0.9915805727898797,0.40300525027866646,0.6026254041521848,0.49980739220641834,0.49927475042215774
CCIS11354283ST-4-0,0.3358919033254953,0.39944474325259566,0.5977063571599703,0.50092171288678,0.49823297372020287
CCIS11362406ST-4-0,0.8535104000344829,0.4057275609044593,0.6023960151696892,0.5030651925410737,0.4965983762375684
CCIS11558985ST-4-0,0.5306467123032226,0.4221415517691978,0.5955127226882541,0.5010759037517977,0.4972734115551614
CCIS12370844ST-4-0,0.4116013260588584,0.4027949599987228,0.6046303570050239,0.5027734499337061,0.5011624577333786
CCIS12656533ST-4-0,0.7922763105420264,0.401356570297785,0.603830412867736,0.5004685806108334,0.5000668932732475
CCIS13047523ST-4-0,0.012731678038593505,0.4006408303463975,0.5978982134320684,0.5000891309251726,0.49922383207532645
CCIS14449628ST-4-0,0.8524951632566784,0.40336907966551294,0.6014935128440931,0.5002623689723054,0.49931240198195037
CCIS15704761ST-4-0,0.15455676469940405,0.4041347507790195,0.60744267048691,0.497570988068809,0.5001788269998859
CCIS15794887ST-4-0,0.4286804924723584,0.4029842430725415,0.6073166659701817,0.49983384145084897,0.4994238976609374
CCIS16326685ST-4-0,0.5977962020561582,0.4038023406733395,0.6027109514552519,0.5010109809743886,0.49603673513841806
CCIS16383318ST-4-0,0.6830742075554015,0.40735317200682764,0.6028318069729677,0.49894208358515774,0.4973022391104899
CCIS16561622ST-4-0,0.3047720378712122,0.4038514572524607,0.6022136379250871,0.49621028897766983,0.4973380203986208
CCIS17669415ST-4-0,0.22853677034513198,0.4009170711562451,0.6037433995916756,0.5076930641483357,0.5044765765629801
CCIS20795251ST-4-0,0.5978933348844336,0.3996258999385635,0.6028158688365707,0.49876934211059376,0.4988859882719568
CCIS21126322ST-4-0,0.08293069781730165,0.3991262080435816,0.598981818780837,0.49919073227796223,0.5008143044192277
CCIS21278152ST-4-0,0.8496242483620847,0.4017604420505518,0.6043299436441943,0.4992161488110171,0.49790229613758913
CCIS22416007ST-4-0,0.03443841024239039,0.40730187178757626,0.6086985242549059,0.5006517151071765,0.4984349690530404
CCIS22958137ST-20-0,0.8511884711298071,0.4030607373686982,0.6018013141048086,0.5011883223725788,0.4997360280895796
CCIS23164343ST-4-0,0.1642203314691481,0.40044719272634727,0.5992515352351306,0.4956978794060764,0.4975120062448571
CCIS24254057ST-4-0,0.5631149513049148,0.4017863536669433,0.6063742086824742,0.5009316159937696,0.5046656240063244
CCIS27304052ST-3-0,0.09732143964437326,0.39958550715365077,0.6009176319345226,0.4987052339301243,0.5007791856320579
CCIS27927933ST-4-0,0.17127113765265306,0.4000655662144445,0.6047551636685881,0.501415338615144,0.4991367026838571
CCIS29210128ST-4-0,0.3979699598297537,0.4004007071147546,0.6029454321056842,0.4921852326128512,0.5033786376444624
CCIS29688262ST-20-0,0.31655141995629366,0.4289395292797821,0.6011042266028277,0.4931665365316234,0.4983097493251595
CCIS32452666ST-4-0,0.012736450863915847,0.40064375284439435,0.5984219776459183,0.49856214598114285,0.497915726421768
CCIS33816588ST-4-0,0.49678681803183444,0.4064325483318519,0.6088132385690862,0.5019468949846074,0.5022736564230013
CCIS34055159ST-4-0,0.6118555422503104,0.43839998905039457,0.6064261928204567,0.5080831100500692,0.4890004639849197
CCIS34604008ST-4-0,0.17381215860054394,0.40300494323245106,0.600006042424817,0.4999098759176538,0.49760593089583255
CCIS35100175ST-4-0,0.978985296626145,0.4059058881066441,0.6041560973704474,0.4995713991499248,0.49994107399848736
CCIS36699628ST-4-0,0.36678674134232414,0.40810949899581295,0.6005048314724192,0.503165966192984,0.49407517831778824
CCIS36797902ST-4-0,0.6762252871797921,0.403563272547587,0.6057988083283574,0.5002438516226839,0.5000117149530213
CCIS38765456ST-20-0,0.8524411536353274,0.4035013966462925,0.6038828197817437,0.499916508993146,0.49994472456369915
CCIS40244499ST-3-0,0.5959121719582178,0.4057835273693228,0.6058505248069395,0.503495774473117,0.49572145963743525
CCIS41222843ST-4-0,0.22099543274771874,0.40122457682532586,0.5989733662801141,0.4976136449435241,0.49938655925858616
CCIS41288781ST-4-0,0.17006112024896042,0.4063098920236423,0.6045732595094011,0.4985720451230587,0.499115435755519
CCIS41548810ST-4-0,0.4986416545682627,0.4005928936636069,0.6014441928932757,0.5016830524194953,0.5016800693532292
CCIS41692898ST-4-0,0.02418528371198516,0.40690912978109933,0.6016756577492137,0.4997258150860495,0.49953990570482415
CCIS44093303ST-4-0,0.6976151345217654,0.4030306290465083,0.6084898935737764,0.4971961769435942,0.5173777274353297
CCIS44757994ST-4-0,0.40777509908353543,0.41924766814728004,0.6039742217734938,0.5044982052326221,0.49859664132706627
CCIS45571137ST-3-0,0.08477586846054709,0.4071582247350915,0.6006665351695001,0.49738207148664515,0.49925663140330817
CCIS45793747ST-4-0,0.15391865767370766,0.40102473870928634,0.5995406250312323,0.5003747050155757,0.49884541303953805
CCIS46047672ST-4-0,0.8335512594363983,0.4028854176053493,0.6029976586217075,0.5021425622780937,0.5080589848404051
CCIS46467422ST-4-0,0.08852707347085209,0.39877366142196574,0.598538317556169,0.4996519374287185,0.5005477407036477
CCIS47284573ST-4-0,0.23374200240840426,0.39964571394439197,0.6033827680371627,0.49752157299840055,0.4979603878744941
CCIS48174381ST-4-0,0.3067761035424396,0.40086290131033603,0.5974633204407674,0.49987754545484336,0.49787419725160015
CCIS48725289ST-4-0,0.007102815572324386,0.4006996481439183,0.5985752466835381,0.49947077125416756,0.4976777138185177
CCIS50003399ST-4-0,0.030947349936987494,0.3998967522065735,0.5970052604541567,0.5011068759493675,0.49881844974730954
CCIS50148151ST-4-0,0.9640957507075669,0.40360277318273424,0.6072471185223999,0.5005372193209952,0.4982055509785336
CCIS50471204ST-4-0,0.02459288760892776,0.40337727968536746,0.6049623112649357,0.4976923840345886,0.50143776324097
CCIS51595129ST-4-0,0.7005047907448336,0.40156684372922047,0.5987264437681185,0.4982899819094816,0.4985524894184212
CCIS52370277ST-4-0,0.9114263873209756,0.4020383132503881,0.6039054351258735,0.502538479477048,0.49908874769401074
CCIS53043478ST-4-0,0.7041987815433071,0.40251206108789817,0.6080933199132644,0.5002375271757424,0.5006629366939301
CCIS53355328ST-4-0,0.18982394145315667,0.40082884310797096,0.6038329069313327,0.5001234297930346,0.5009132237364361
CCIS55230578ST-4-0,0.323032369211379,0.4038717432075523,0.6041686499939325,0.5009987020788186,0.5000504237797825
CCIS58234805ST-4-0,0.92071969855912,0.4065487026394952,0.6072680006212746,0.5009874747182379,0.4997873520284697
CCIS59132091ST-4-0,0.16205211981710982,0.4003951036541971,0.6004839301846175,0.492268416087942,0.49197177176460716
CCIS61287323ST-4-0,0.18871649533776255,0.4136754400118728,0.6035738560255584,0.5035222594441691,0.49451593588265275
CCIS62605362ST-3-0,0.13781170984069713,0.40429967051691956,0.6014157618252525,0.49961272421671704,0.499090219899515
CCIS62794166ST-4-0,0.682438281861311,0.4048466238670174,0.6015503830319265,0.5013171787633975,0.49935091420386296
CCIS63448910ST-4-0,0.23320489724064405,0.40417436208268365,0.6008741384845556,0.49687927835958606,0.5039093011772874
CCIS63468405ST-4-0,0.28085429338510276,0.4117146618488355,0.6027338231969024,0.5034290530630017,0.4933407797964231
CCIS63910149ST-4-0,0.0534501993799653,0.40119195854641737,0.5995991189364609,0.49918542144887873,0.4972854088563291
CCIS64773582ST-4-0,0.21006529758923476,0.40116497566937026,0.5993317995463903,0.4973476521899058,0.4976605091728551
CCIS64785924ST-20-0,0.06996383127558972,0.4030039567853411,0.6014301645304936,0.5015290523251977,0.5000579167637778
CCIS65479369ST-4-0,0.9491434392433996,0.4191903353023147,0.6150362959405163,0.49948727845650764,0.5012556909917223
CCIS71301801ST-4-0,0.6332136487281639,0.40323053245081075,0.6065652647577126,0.5020417198926326,0.5012369767725883
CCIS71578391ST-4-0,0.09268572921658322,0.40014458388652796,0.6014650036111986,0.5011326984969685,0.4993989664932619
CCIS72607085ST-4-0,0.4606536432009197,0.40367409752822325,0.6029118192079639,0.5006156689123751,0.5043379558548343
CCIS74239020ST-4-0,0.0524961355676213,0.40037223910790637,0.5999371020560368,0.5012838431712738,0.49959679292164677
CCIS76845094ST-20-0,0.8811830233031509,0.4040854668955751,0.6002069102975081,0.5003874514258675,0.4999417045333822
CCIS77252613ST-4-0,0.12453006008745901,0.40665810458780743,0.6034986586131197,0.5029995106399645,0.4993685669518633
CCIS78100604ST-4-0,0.07026327976994437,0.4024233107937505,0.5989885601464641,0.4994275406661328,0.50639206419682
CCIS78318719ST-4-0,0.9915318693857784,0.4013902852953115,0.6045323581488693,0.5016076470619557,0.5007003576301737
CCIS79210440ST-3-0,0.6494812525967744,0.4099226657061124,0.6026326937628306,0.5021391070558587,0.5010754152854855
CCIS80834637ST-4-0,0.10747450949997028,0.39987840260488405,0.6024082920934275,0.5001420043136992,0.49401730748273326
CCIS81139242ST-4-0,0.04061126348071361,0.39852722416888453,0.5979545614396725,0.49988249315956285,0.5014466468110785
CCIS81887263ST-4-0,0.31195974160522943,0.40289296615923625,0.6005206119808274,0.5009101056965689,0.4999391813604221
CCIS82146115ST-4-0,0.024208011000640742,0.39806867642613636,0.6032300508145192,0.4948540002202428,0.49332336445512215
CCIS82507866ST-3-0,0.12637162418391723,0.40035006296949754,0.5983386019572366,0.4997823566449979,0.4999328336813581
CCIS82944710ST-20-0,0.31687773628665256,0.40322569815127335,0.6047854520532572,0.5035145582069968,0.5003657262232577
CCIS83870198ST-4-0,0.13083972279837958,0.4013443591776674,0.6012962157657761,0.4994244700532264,0.4973433884885586
CCIS84543192ST-4-0,0.1513018478786307,0.40716131517912085,0.6028394463645661,0.499387609905273,0.4892022729728884
CCIS85214191ST-3-0,0.6610666054813701,0.40446498565129374,0.6082532202032036,0.5002813550022632,0.5143861930544087
CCIS87116798ST-4-0,0.49041794526431054,0.4048386145557958,0.605236586179841,0.5004846780888556,0.5003386767547978
CCIS87167916ST-4-0,0.9715474084810216,0.4048112215675553,0.6046000216368247,0.5020628018351996,0.5042494974117219
CCIS87252800ST-4-0,0.9601600438990404,0.40327964881181466,0.6067078084025094,0.5044886305567119,0.5019146854913512
CCIS87605453ST-4-0,0.4516600250702208,0.40157002387099733,0.6090310475800349,0.4997293812197815,0.5003603991527803
CCIS88007743ST-4-0,0.4869043387585978,0.40620566858476076,0.601734828574679,0.5030313455948899,0.5001739203870614
CCIS88317640ST-4-0,0.09074414539055466,0.40592209096581106,0.6015209346133826,0.49907179321473943,0.49903096497335203
CCIS90164298ST-4-0,0.12041135898937987,0.40559266984127773,0.6014282816724504,0.4983285460215466,0.4971766092954682
CCIS91228662ST-4-0,0.9098630840202354,0.4050167654493993,0.6036621099663467,0.4980309092180471,0.4991792408782765
CCIS93040568ST-20-0,0.09428194087845243,0.40192021125087385,0.6073566589717283,0.4980492777877592,0.5057506120643676
CCIS94417875ST-3-0,0.2678543469607141,0.4009879772776417,0.6017617008337389,0.49631508953065834,0.4992615040978665
CCIS94603952ST-4-0,0.0943803919499656,0.40177610570437655,0.5985437478781549,0.4992337402682456,0.49609520502192767
CCIS95097901ST-4-0,0.21880072012958468,0.4118219880257892,0.5996391716425936,0.5010278190558419,0.5011790891226486
CCIS95409808ST-4-0,0.3780830938400596,0.40218617100708465,0.6019053132075309,0.49827258792020107,0.4989220552574772
CCIS98482370ST-3-0,0.05859722292403968,0.40049852721338264,0.5962475685008541,0.5001571072388727,0.5005926638216655
CCIS98512455ST-4-0,0.7375756358757842,0.40468937936399196,0.6012672706176206,0.5042978988087523,0.4952304802147829
CCIS98832363ST-4-0,0.3499986156762522,0.40165715507418165,0.601764351737391,0.49960765407792673,0.4964034056647791
CCMD10032470ST-11-0,0.4775875848737134,0.41107371590597314,0.5922659895571935,0.499649053134626,0.30855165756736214
CCMD10191450ST-11-0,0.4769523839221899,0.3968446744141349,0.5995345343127236,0.5000419566297215,0.0076749214564841226
CCMD11006829ST-21-0,0.4825477730359614,0.4063132442308787,0.6048156437229751,0.5019053260573919,0.7345445261732089
CCMD12232071ST-21-0,0.4777076377672682,0.40581432083345587,0.6063568162493459,0.5038143624990808,0.7605593686176739
CCMD13071240ST-21-0,0.48094533985419696,0.4061137075451285,0.613372127237828,0.5040247633141262,0.9485007165094694
CCMD13934959ST-21-0,0.4778573060395736,0.40220887401877875,0.6040286529784508,0.5008643045349782,0.8774496710564168
CCMD14479708ST-21-0,0.48091958456763284,0.40178539691622067,0.6050607357359177,0.5010005392444569,0.9748959925162908
CCMD15562448ST-11-0,0.47780348913225446,0.41303020133887886,0.6013194918998366,0.505494977902141,0.680753435894472
CCMD17410933ST-11-0,0.4756226119466103,0.39926399580080607,0.5900421325144221,0.49748747164679286,0.31081983943392777
CCMD18579000ST-11-0,0.4787291293723478,0.3994283733483375,0.5999676493041368,0.4985302189082621,0.11748043543566325
CCMD18829815ST-11-0,0.4762336597648021,0.3995625774709988,0.596850598012221,0.4981559139016333,0.7123294115244893
CCMD18872694ST-21-0,0.47790719228048495,0.3996768214356648,0.6010652659201691,0.49403766039923885,0.6218489492568271
CCMD19168690ST-11-0,0.48106959787666215,0.4019486504363579,0.5983054564781506,0.4992924688722187,0.841218527243376
CCMD19497912ST-21-0,0.4797264235653183,0.4017396911030214,0.6060942956825301,0.5076564881084277,0.8968109950372997
CCMD21593359ST-11-0,0.48350773004963143,0.403860211471861,0.6091196935536404,0.5019494622092776,0.5632856405992666
CCMD21703880ST-11-0,0.48512205514879697,0.40144306125797213,0.604427984929033,0.49736506831509475,0.8096635289021454
CCMD22852639ST-11-0,0.4801218356369248,0.40086116296996915,0.6047061812221186,0.49917370710577547,0.020802369517298296
CCMD23101338ST-21-0,0.47825962889387535,0.4009539381158438,0.6014259499431548,0.5005853786856501,0.3524563636407988
CCMD23541216ST-11-0,0.4785093315510374,0.39950118715056226,0.6010500511140959,0.4970802776887708,0.1588322146887195
CCMD25475945ST-11-0,0.47749459184433013,0.4146535004252261,0.6020958018330981,0.5058999123203821,0.566623598651258
CCMD25511638ST-21-0,0.47579783666332626,0.402371932936971,0.6049665256018426,0.5002566779280129,0.5307154604614761
CCMD25963797ST-21-0,0.4805979084520542,0.39991498450585383,0.6027857693819447,0.502169687873641,0.9187379360638449
CCMD26625622ST-11-0,0.4778370983668421,0.4013237037829415,0.5981461123599419,0.49976228343704737,0.5938097705324946
CCMD26709089ST-21-0,0.4715681314021954,0.3991909454348284,0.5980308125355114,0.49987781297235734,0.7465823840218001
CCMD26925580ST-21-0,0.4757332808251509,0.4016593878440892,0.5994500230075838,0.4994254490568905,0.7280187774761362
CCMD27463710ST-11-0,0.4821369462482652,0.4003529838606611,0.604430809358265,0.49971801414794786,0.19251871893620273
CCMD27867141ST-11-0,0.4817958249875533,0.3985995543754149,0.6034045090858382,0.49883813723619763,0.1051676185237392
CCMD28738636ST-11-0,0.47901116222890816,0.39903343663134744,0.5964760657416823,0.4987416781157612,0.10635028980331793
CCMD29706695ST-11-0,0.4812787536938244,0.406141103975009,0.601447275975149,0.5019631439406512,0.14342505121263333
CCMD30626189ST-11-0,0.47622064643167966,0.4044712349691449,0.6113381767158336,0.4998754590031817,0.9849202793497398
CCMD30627121ST-11-0,0.4835805993943282,0.414228501853035,0.6036292353285577,0.4829031291848203,0.582928103983522
CCMD31009081ST-11-0,0.4808494930819415,0.4016263720064728,0.5994175616076639,0.5014406580647743,0.0493729131185451
CCMD31134579ST-11-0,0.4803671352880302,0.40487530067308036,0.6019033357095003,0.49713542734732047,0.5411931140810147
CCMD32288175ST-11-0,0.48138847963674797,0.404467364805212,0.6008141103896256,0.5011270819283811,0.5920522809173127
CCMD32965613ST-11-0,0.4787347601596077,0.401632552565585,0.5999255885080615,0.4997716714475091,0.02179992569473161
CCMD34381688ST-21-0,0.4869221257120689,0.4017464420167677,0.6022081205977013,0.501652184826347,0.44961290462535286
CCMD35081859ST-11-0,0.4789409940362735,0.3971622754004297,0.6001014113420577,0.4995614207354721,0.1619578640165345
CCMD35633353ST-11-0,0.47985145183681654,0.39988711212104516,0.6003792724116032,0.49518258255140163,0.5861933363913278
CCMD35801800ST-11-0,0.47873256429838,0.40164123785515,0.5969326342462729,0.49989819780704803,0.266297661093184
CCMD35802077ST-21-0,0.47716220282910804,0.4001847164105681,0.595646464199886,0.5036856992898615,0.13827315801735324
CCMD37575804ST-11-0,0.4718087971870699,0.40114721230494876,0.5978747849728149,0.49956074373977377,0.40857944110251554
CCMD38158721ST-11-0,0.4763606902104841,0.400575592550762,0.5984914980116091,0.49849614696573163,0.021104074763625087
CCMD39157124ST-11-0,0.4757861478815157,0.40503678515867003,0.5971629644549533,0.4976238119546624,0.07962598381686234
CCMD39882286ST-11-0,0.4768976794950042,0.4107215131086599,0.6037416118728705,0.49825181337744234,0.17443759595683073
CCMD40701343ST-21-0,0.4781821870559548,0.40168982660062524,0.6055205173998249,0.499582642553659,0.9542602716558264
CCMD41202658ST-11-0,0.48088334210448924,0.4081452854983973,0.5995891898296537,0.5019224817885964,0.027347424720139357
CCMD41521570ST-11-0,0.47549512187874104,0.40157490084435227,0.5969548082501048,0.4993961567249323,0.06278098957736382
CCMD42428553ST-21-0,0.4826291033072614,0.39965536878114244,0.5995404462372277,0.49624558168627125,0.7155424027925971
CCMD42956136ST-11-0,0.4843499147133493,0.40412751236316313,0.6045617778038188,0.5003972743504298,0.09171290736510099
CCMD45004878ST-11-0,0.47909904932415304,0.39871624359253344,0.6004326465615227,0.49730448318753795,0.2711595999831192
CCMD45812507ST-11-0,0.47212203047087037,0.40006791589263024,0.5977751575646139,0.5017103774327739,0.14809942514764332
CCMD45988061ST-21-0,0.4866720009580389,0.4014743357868614,0.6073431942172363,0.5033265154031635,0.9963297285076962
CCMD46222674ST-21-0,0.479574028956187,0.4017935743753356,0.600298584053837,0.5005225414306067,0.08578081809856139
CCMD46727384ST-11-0,0.47960742762086617,0.40126109678917943,0.5996194826704907,0.4973149616000197,0.5700679444193805
CCMD46947453ST-21-0,0.47626561798467876,0.39798397590303286,0.6004243534065601,0.5028703319109386,0.5892359869807261
CCMD48236717ST-21-0,0.4787823593148128,0.40879605688905946,0.6009345488086644,0.5026193293458182,0.5315123762554945
CCMD49025643ST-11-0,0.48060750521360934,0.40267944082634927,0.6035908743698613,0.5011983073006878,0.48151389067163886
CCMD49461418ST-11-0,0.48129149903166163,0.40226322205576287,0.6125589951834242,0.50093606889574,0.15895110506463667
CCMD49942357ST-11-0,0.4762255331905503,0.40066012434255893,0.5968766399942647,0.4999823681800976,0.5059513348894005
CCMD50071957ST-21-0,0.47845771656626473,0.4019120677792854,0.5996877034334692,0.504029185286707,0.5415223580283828
CCMD50300306ST-11-0,0.48071805036255005,0.40650436918472427,0.6039483789546638,0.5041786686656955,0.8456095293843754
CCMD50529145ST-11-0,0.4794136446098272,0.3987324070535547,0.600329603782712,0.49991939156393306,0.5328694021220817
CCMD50538120ST-11-0,0.4795524495743731,0.3958691748666215,0.6012563151611583,0.49850164281284154,0.13367350668625602
CCMD51154251ST-11-0,0.48053516405865715,0.4006986927528817,0.5962177191987356,0.500147981024034,0.8334257614602942
CCMD51228890ST-11-0,0.4710285502869381,0.40077473119931234,0.6000019369762459,0.49872539570444946,0.34051870235465476
CCMD51864103ST-21-0,0.4771737913459401,0.3991572736916043,0.5953474322295845,0.5016614037637208,0.4756138719266675
CCMD52117727ST-11-0,0.48055202292298654,0.3998452477315752,0.59969002034834,0.49833223907554414,0.469115139034593
CCMD52145360ST-11-0,0.4785913882828691,0.3989293724409994,0.60253086332383,0.49897437928403315,0.683141670146966
CCMD53508245ST-11-0,0.475852294255527,0.4007143221730496,0.6013548534383557,0.5000048917172771,0.20814015209969705
CCMD53522274ST-11-0,0.47672605448284,0.40376518741410217,0.5995533705019692,0.4997639260372352,0.054703245657472456
CCMD54057834ST-11-0,0.4816433048179329,0.39942383959676775,0.6006232461178102,0.49773519304042907,0.6703147365035642
CCMD56948710ST-11-0,0.47932966331782817,0.40083542192717014,0.5996470526979855,0.4992518987076086,0.7763300181496573
CCMD59540613ST-11-0,0.4826315261607767,0.4054183795098835,0.5992005362745335,0.5014261521417301,0.7715702086182035
CCMD59583015ST-11-0,0.47249398359546585,0.39942169824923895,0.5962196097860124,0.5004333102077988,0.0013512835459649054
CCMD60079086ST-21-0,0.48194182765335186,0.408236566139586,0.6105949378940132,0.5069655820566288,0.9874274379935223
CCMD63399960ST-21-0,0.47777632671593045,0.4050932811450615,0.6000959386121715,0.5005670653302583,0.8798802761161841
CCMD64503764ST-21-0,0.48210658166960907,0.4021268253324187,0.6064211357169317,0.49923189800409057,0.9364304397761677
CCMD64776337ST-21-0,0.47883668940695445,0.40238280747654487,0.6052808105564297,0.5046583701253824,0.8521301019890881
CCMD65222621ST-11-0,0.48090286891238876,0.4002426292411507,0.6062536814709383,0.5024109515182362,0.734870844804995
CCMD65406197ST-11-0,0.47851327849650377,0.4033037820186551,0.6026687418603632,0.5040715898403505,0.3894158193110567
CCMD66848156ST-11-0,0.479411931031821,0.39874179280735217,0.6004407056855213,0.49987586161316316,0.37007940275257056
CCMD67373733ST-11-0,0.4824466851680362,0.4051983698034619,0.6033706547839128,0.4925570207281859,0.10526396731669121
CCMD68973846ST-11-0,0.4801735804782541,0.4040787737948601,0.5986499724956049,0.4998501516731145,0.43237974946920144
CCMD71242853ST-11-0,0.47866573373648036,0.3993824182052753,0.6000852405835737,0.494315764815916,0.34863584913494977
CCMD71915439ST-11-0,0.4810267589706981,0.4094388416046539,0.60725581330731,0.5004866985909997,0.8475638013230131
CCMD72666896ST-11-0,0.47393653384947615,0.4006357335066388,0.6006587096854976,0.5019322318255062,0.9202404576826255
CCMD72690923ST-11-0,0.48271838601601696,0.3997235306143961,0.6055911948161419,0.5018191633776876,0.16350708829887192
CCMD72895164ST-21-0,0.4804055991577343,0.400834125961353,0.6055474527518208,0.5072383473058008,0.13690879266947006
CCMD73128545ST-11-0,0.4796933574266639,0.40019972559440775,0.5994573216820211,0.5004792942657909,0.8378557162398259
CCMD74592084ST-11-0,0.4693040111711074,0.40048743526656067,0.5964660849409517,0.4983583087604505,0.0799362427490366
CCMD74930188ST-21-0,0.48148406222430545,0.4044087573149851,0.5982330589884979,0.5006478560253528,0.6207341433622465
CCMD75147712ST-11-0,0.4897377763405199,0.40086778866176953,0.5984265328830373,0.4995208864743002,0.9290358335275709
CCMD76222476ST-11-0,0.4811773516626389,0.4042276333203667,0.6037351918405529,0.5000891612448457,0.45613801915025637
CCMD76409700ST-11-0,0.4727964141301761,0.3980787349506202,0.600249424770962,0.49934481870938774,0.5352686060179159
CCMD79349503ST-11-0,0.4766598000873083,0.40055299687933726,0.6001143571333407,0.4980136247536826,0.49327603883625626
CCMD79987997ST-21-0,0.48354049339690675,0.40024016594357026,0.6020306481425137,0.4993339124147275,0.9343274932920501
CCMD82866709ST-21-0,0.479271405973223,0.40019834734618775,0.6012620800701765,0.4976866866393619,0.6671247567844316
CCMD85481373ST-11-0,0.47760244273713415,0.4108551691676386,0.5999645375377227,0.5043210928705143,0.12342870466344436
CCMD85661207ST-11-0,0.4752556802844938,0.4006927578181913,0.5980622203208498,0.5000100240974626,0.07290481231849062
CCMD86114146ST-21-0,0.48165311831264634,0.4031720608698623,0.6048901154440502,0.5048399338892213,0.9349547331381547
CCMD86707194ST-21-0,0.4782080458812274,0.4014277831055871,0.5943856342731964,0.49978908993032395,0.1953366504222413
CCMD87156761ST-21-0,0.4784243879087554,0.40136765220047776,0.6020090815768242,0.5029903040933578,0.5994694635582648
CCMD88272491ST-21-0,0.4845354717255672,0.4043727638805796,0.6113702102555617,0.5016674414714911,0.9951181810501042
CCMD89107682ST-11-0,0.47082902888285016,0.40752230435301556,0.6023740453117914,0.5026939366429795,0.7596787393501666
CCMD89306485ST-11-0,0.48400110696497195,0.3979867442993143,0.6025311769514599,0.5027922860696856,0.03303624336531769
CCMD89643949ST-11-0,0.4802071239142587,0.4021503462103298,0.601959414833591,0.4994616253435237,0.1405638744535988
CCMD89967135ST-11-0,0.47884287163684075,0.4007389225110001,0.6010686363248118,0.499250838277347,0.622849637620316
CCMD90311071ST-21-0,0.4805062914428517,0.4027337109321566,0.6002061430106308,0.5001210547798326,0.25295221043591476
CCMD92404903ST-11-0,0.4845644731648875,0.4068885635538417,0.6039747535539128,0.5011176934761714,0.7293678065465516
CCMD93344354ST-21-0,0.48185824106754593,0.40097783702903844,0.5974217983484243,0.5011658018161623,0.03812999688452667
CCMD93755960ST-11-0,0.4802466670734986,0.4059155370023806,0.5989946214083373,0.500026451225764,0.4651829492528514
CCMD95431029ST-11-0,0.48326953395428046,0.4022456648855957,0.603097705152481,0.4997222588504431,0.0543024882334725
CCMD95433940ST-21-0,0.47245109613435965,0.39996355074149537,0.5996367102628207,0.4997561375508853,0.8308062745989779
CCMD95676152ST-11-0,0.4776044000238149,0.4012915221450228,0.604943445866219,0.5016600575624512,0.9892939277133392
CCMD96553385ST-21-0,0.48149521210868756,0.4020021881209518,0.5972108649551701,0.499395666659739,0.9706767712787114
CCMD98198513ST-11-0,0.47621226387855026,0.39937958264249895,0.5958663185340506,0.5001045750046853,0.199749611430947
CCMD98531134ST-11-0,0.47500319946051467,0.4026627327060019,0.6038374646793127,0.4975295178627245,0.9066809113833555
CCMD98702133ST-11-0,0.47935703796680507,0.40179964839180504,0.5977434680760829,0.5018299136035298,0.19538374874715295
CCMD99440714ST-11-0,0.47632023689340386,0.4016658117814893,0.6012294520358953,0.4990213931479607,0.1736974599320728
CCMD99929634ST-11-0,0.4735844558839316,0.399657746899167,0.5982902187494673,0.5003369627072718,0.30990757877077135
ERR1018185,0.48183680487116326,0.41148234997223426,0.8333113026560646,0.5040919617831511,0.49926660401579054
ERR1018186,0.4802850131848395,0.40347477371549106,0.7015954798196224,0.49994326882236556,0.49952543625791523
ERR1018187,0.4735769264277643,0.40618729821673144,0.4446254554498131,0.5002187638373965,0.4997905572137847
ERR1018188,0.47537632880702274,0.4060028523203119,0.9854110002962901,0.4994815983476496,0.5002643135287319
ERR1018189,0.4794994907185541,0.39993322894970335,0.14423245861497877,0.4999174440418606,0.5017583190362855
ERR1018190,0.48013344248019457,0.40430792473203997,0.7320084333500296,0.5008045382604918,0.5087481213488358
ERR1018191,0.47528216538870605,0.412955558836289,0.997888594870113,0.5061360399438911,0.49847167492478484
ERR1018192,0.4838285895941903,0.40428789955526734,0.8786539466270193,0.498066399108325,0.5001405113395138
ERR1018193,0.4807430517671995,0.43245391848936243,0.2553259292417605,0.5092072945352389,0.4970809685642946
ERR1018194,0.48087719817853236,0.40630844984093334,0.9505883444745802,0.5034440712077654,0.49995770549846114
ERR1018195,0.47852070965013943,0.402717235891261,0.0019732868399671517,0.49983055497692036,0.4985095502362049
ERR1018196,0.4816491199045778,0.4057117059365046,0.9706470939964815,0.5018009574151635,0.49581181028689697
ERR1018197,0.46828046199733947,0.40353268478154675,0.793796522356472,0.5016201129174142,0.503474291396157
ERR1018198,0.48308541238270025,0.4059247671209417,0.9905708480862028,0.4955524889072374,0.5012476665705131
ERR1018199,0.4787158401127908,0.4026372374078644,0.9955181922591466,0.5000436078988949,0.5023275380565169
ERR1018200,0.46970588559536,0.39935481296664865,0.0023543925142155975,0.49991202453422506,0.5014833586218628
ERR1018201,0.4788476711036505,0.4094691474831411,0.7740160975141188,0.5029343379632542,0.5046871289060946
ERR1018202,0.48147607023650335,0.4286762995116109,0.9299845262485948,0.5100420083232203,0.5012015083586501
ERR1018203,0.4842574992503176,0.41051384720187606,0.607161057729409,0.4965022998973902,0.4993866977365007
ERR1018204,0.4845285520764797,0.402228610468685,0.2566411638248898,0.501112466523816,0.5010714864779879
ERR1018205,0.4786286143112473,0.4012842385996029,0.12522808742076458,0.4926259960246172,0.504575274872613
ERR1018206,0.48076478180832044,0.4071242184677572,0.27688200569203814,0.5002546479738921,0.48505261945956
ERR1018207,0.4809413568605113,0.40183457230191294,0.7284519475772252,0.4921709723657794,0.499590606643492
ERR1018208,0.48049059944765565,0.4893991882769213,0.6451486041212635,0.5280428618795209,0.4888141675935825
ERR1018209,0.4808638198361544,0.40593123671928455,0.9202340917675927,0.49979939327366923,0.5069708433867463
ERR1018210,0.4861410930671409,0.40186523150969966,0.9871688056354919,0.5060708096521114,0.502620197010193
ERR1018211,0.47482947860833397,0.4032243054836083,0.5823936072220628,0.5055010531238993,0.5025544840309222
ERR1018212,0.47148959453116357,0.40193447109133884,0.997914578218365,0.4973084353134122,0.49954618632553593
ERR1018213,0.48206379226240464,0.4065179383058215,0.43892267492953696,0.5017886513813603,0.4950995233299581
ERR1018214,0.4828612262986759,0.4001591812657874,0.7042784364935997,0.49248554678144374,0.5050421523541088
ERR1018215,0.48029293759389724,0.4110409193255211,0.2967915597587002,0.49965127251571634,0.49361593960961103
ERR1018216,0.48359582222921826,0.4045055069971809,0.7915665690507635,0.5000246652075222,0.5029780238870639
ERR1018217,0.47971797591505233,0.40117249342554556,0.03339999740903107,0.4923165479671307,0.4975118586940412
ERR1018218,0.4814154035049877,0.4006723574337065,0.07476499459931163,0.5067000459114702,0.5028954289890224
ERR1018219,0.48141035889257877,0.4062036709243865,0.9596327259317887,0.4986851704752986,0.5014336572246888
ERR1018220,0.4836522853801727,0.4076473511984393,0.19636851894228272,0.512454747396494,0.5059495791373616
ERR1018221,0.4800364785522231,0.40093810800051505,0.8631444662071495,0.5035697994611805,0.5023263686226461
ERR1018222,0.4831011043457236,0.40119631920787563,0.7685867360203201,0.5049634101531095,0.5028395551446886
ERR1018223,0.4841260369563961,0.4012672982900713,0.5320032337126508,0.5091546094497441,0.5079896346086508
ERR1018224,0.4811096449931256,0.40322294812031495,0.9296800017300105,0.49947931499829024,0.4925524640283972
ERR1018225,0.48060297882169595,0.4058061638298941,0.33778651699643836,0.5014954789815798,0.4891958571210882
ERR1018226,0.4786017466417655,0.4016216597164046,0.8906859023705606,0.501211259980373,0.5003545201694327
ERR1018227,0.4804415841884518,0.4074932283286342,0.9882219097107761,0.49063817597887016,0.5000940289504497
ERR1018228,0.4754865303088142,0.4013511070698906,0.7418875365212969,0.503067763557978,0.49904551967569916
ERR1018229,0.4805076570861212,0.40023957636946866,0.003937424312135858,0.5001319026549997,0.49661781373046626
ERR1018230,0.48407989120732836,0.4006632548136146,0.28444474166488815,0.5051110578324027,0.5043969463153646
ERR1018231,0.48223619688657776,0.40683021660739427,0.15242555840325586,0.49980776389073944,0.49462885883880137
ERR1018232,0.47754722132564936,0.4050148121420355,0.3322259569659364,0.500871478722857,0.49679464861173006
ERR1018233,0.4843990101896639,0.4008459823278707,0.8820726737748978,0.4996593010007028,0.49960236806197394
ERR1018234,0.48199205080296736,0.4633883517259988,0.9306172515099356,0.523827524912654,0.49174491185772456
ERR1018235,0.47958517916370746,0.4020862610129381,0.47629794975215634,0.5009259974850175,0.500458304465519
ERR1018236,0.48193754064995964,0.41050367983778735,0.9298976260531063,0.5003877107157249,0.4786910397453866
ERR1018237,0.49029633584305277,0.4138090537991125,0.7417372178454358,0.506895547268215,0.4967917201279046
ERR1018238,0.4919214123154323,0.40162868157186205,0.0514257301543955,0.5000058960062764,0.4848038597622791
ERR1018239,0.46339378085303573,0.40237877925254734,0.3093833630335115,0.505299934599982,0.5017254155496602
ERR1018240,0.48079072079660745,0.40325902681584297,0.18530045956517988,0.49843513532429584,0.494584870501558
ERR1018241,0.4843970507525779,0.4028305211018669,0.996638151172313,0.5010473735783151,0.5105910951703333
ERR1018242,0.4720676978232751,0.43874906347535914,0.229801932304826,0.5097351805489138,0.49269523029873724
ERR1018243,0.48098919738402846,0.4001691257388943,0.23749709414406284,0.4998889872879111,0.5002769036476593
ERR1018244,0.480989174409588,0.4016429165299715,0.31378334011995535,0.5013200973060319,0.5058923197078589
ERR1018245,0.47052333162704413,0.40120389324142025,0.30040443226155983,0.5009246627538785,0.495555341189076
ERR1018246,0.4791398019063241,0.4064913202365492,0.22977819744584543,0.5007173141498397,0.5063643322481601
ERR1018247,0.48297986427269873,0.432040299694901,0.13568228133691115,0.5098082975740524,0.4965960669882838
ERR1018248,0.4803082542898967,0.40368309552983495,0.2031864161771202,0.5033401317218261,0.5002402262514606
ERR1018249,0.47812405960738424,0.41537076721185395,0.012463737463136563,0.49924485432571664,0.48604433364095145
ERR1018250,0.4758054126006921,0.4013437023544568,0.2026218984096128,0.5001581791430519,0.49277822766523194
ERR1018251,0.4819602127516229,0.4042049495268372,0.16979553397588582,0.5015041017542171,0.5103381063889864
ERR1018252,0.4725094770116975,0.40041766008290963,0.17817175986942071,0.49567243407040157,0.49253584657165117
ERR1018253,0.47700036857359984,0.40020437693839583,0.03265000408915118,0.49882647965179255,0.4998413922851537
ERR1018254,0.4681901378850657,0.404624040246776,0.7806335571640517,0.506768480050454,0.5023699168643208
ERR1018255,0.47981317528895745,0.4015773304278498,0.14397672428385064,0.4995609894016599,0.5005388623894801
ERR1018256,0.47442101631169237,0.4034170083406086,0.206281973260033,0.500795519476283,0.49360005201374396
ERR1018257,0.4798300640380727,0.40183366486320155,0.16548175281366287,0.5014036714737403,0.49791796777296454
ERR1018258,0.47086673530651146,0.40504362918094217,0.7581089748508825,0.5018156787901304,0.504777626924189
ERR1018259,0.4738938997572824,0.39938715430482546,0.05874575212828161,0.4995049372228119,0.49812230878659153
ERR1018260,0.47973781572539603,0.4011653963970736,0.7699301624896675,0.4878436655311133,0.5111585256574563
ERR1018261,0.4808504557131484,0.3987363931159584,0.15868540876966541,0.5002143199882177,0.4876158644875104
ERR1018262,0.4761590702599505,0.4003152742592171,0.0216926272122984,0.49954628662855477,0.49780168809851466
ERR1018263,0.4775595681282036,0.40511328126805984,0.0805209645280335,0.4961487751636789,0.48856005171847844
ERR1018264,0.47814105779139987,0.4317619100726713,0.0021889211386700745,0.5087491960126515,0.4930494159589441
ERR1018265,0.47978833377979296,0.4073435599702281,0.1612662620140169,0.5010021540478414,0.4992917485860912
ERR1018266,0.4776245894700647,0.40008757696612834,0.40579444937783393,0.5006566375439772,0.499256896946107
ERR1018267,0.48133766436692504,0.40110510122739973,0.33478897421904613,0.5028930815351316,0.49843048082179764
ERR1018268,0.48100348869242354,0.4014310528203674,0.26367885382331285,0.5006580534544942,0.4956099594087207
ERR1018269,0.476443373793225,0.40882673194678404,0.1021177205521954,0.500432132712619,0.49899279693775966
ERR1018270,0.4774988606553692,0.4104053146870179,0.00010023900374623454,0.49990923916062907,0.5126220281904471
ERR1018271,0.4801147261788071,0.45766120140407335,0.489756738844198,0.5177533286350263,0.4917592959578227
ERR1018272,0.4799981425793186,0.39792117075654504,0.7667756865722894,0.5013256817334021,0.5050360916973226
ERR1018273,0.47964720499660657,0.40632921012571915,0.46221375431262024,0.5000794291038707,0.49552386506713525
ERR1018274,0.4753749147672616,0.40637475781510524,0.48085967217323333,0.49967233605027894,0.5010943962603106
ERR1018275,0.4847849785771284,0.4022486355424656,0.014846889592167293,0.5027955726563984,0.5039536192927246
ERR1018276,0.47717188192924836,0.39994663907695965,0.11994879034157294,0.49819286964134596,0.49825003754755753
ERR1018277,0.47892543996096865,0.40938859956330603,0.5011590538397845,0.497774536532523,0.4958942858769919
ERR1018278,0.4738392833536333,0.4057033491557567,0.38054988066425094,0.5017166040865624,0.5017065927683741
ERR1018279,0.48610621441520674,0.426809032209199,0.2024405746252697,0.5088016895477224,0.496405654818448
ERR1018280,0.47915251645325085,0.40498767062140545,0.38466519749980493,0.5002335707768961,0.4915124149149451
ERR1018281,0.4780034400934499,0.4081342685116289,0.9942067760954778,0.5022135686858947,0.5029403665126068
ERR1018282,0.4771315891849328,0.400831297155892,0.9635185642878472,0.5004844523546159,0.4994001943041981
ERR1018283,0.4835645709722283,0.40073164222072366,0.41993967964395607,0.5001484486996772,0.5011226056034085
ERR1018284,0.4666790632756873,0.4085366071717205,0.21979318338287693,0.5025520132955686,0.5014831388719425
ERR1018285,0.48253723516275443,0.40298920726466375,0.2808222544390937,0.4979591357112572,0.5056928812414478
ERR1018286,0.47213449173648603,0.40244008409256055,0.18859591441100082,0.5008814880125152,0.4944493224413748
ERR1018287,0.477247470171634,0.40416765601097576,0.6266113913785846,0.4989657558256047,0.4978511806625324
ERR1018288,0.48781382382920274,0.4039002841290781,0.9614101885188786,0.5105792246674803,0.5093747008256904
ERR1018289,0.48115852256482455,0.4030332238676976,0.8830526358455846,0.4972045690091207,0.5009922765678649
ERR1018290,0.4795299000075603,0.40061194642100495,0.028520710777656687,0.5001412067323938,0.5009164919928027
ERR1018291,0.48225527175215127,0.4040621830437105,0.7756062701415589,0.5017996885194521,0.5102432962036633
ERR1018292,0.4783047166729282,0.40111901359418795,0.18320498954904482,0.49844928232287083,0.505248640308739
ERR1018293,0.47271910156056707,0.4000477320996879,0.8605390228623755,0.5012617191917669,0.5000330552740125
ERR1018294,0.4838144173275803,0.4074622555655622,0.992299021695233,0.5078629094467767,0.5070802689223862
ERR1018295,0.481027965730917,0.4090292586449381,0.18712298717830209,0.4988714985183203,0.48327689070801744
ERR1018296,0.4811299931094703,0.4061850650570863,0.02244202573336728,0.4994184068951694,0.4847156598900378
ERR1018297,0.48208854246174143,0.4080557300942098,0.11004644146786598,0.5013695229823162,0.5073578859499162
ERR1018298,0.47548304829527044,0.40416699028348607,0.9323345983416489,0.5084195124569981,0.49974104066232217
ERR1018299,0.4834646629697054,0.4017948575656301,0.8605627893685733,0.5006553332553949,0.5097212780024799
ERR1018300,0.48168933081939524,0.4024034116401806,0.9363880470067139,0.5000330434779702,0.501499017762652
ERR1018301,0.4818692929437485,0.4046730745222454,0.97801521228429,0.5000793771896545,0.4969557075092064
ERR1018302,0.47943119186785077,0.40048984125638437,0.153938849135832,0.5001220242375279,0.5131077491419476
ERR1018303,0.47887366691929906,0.405456118131578,0.46723674248953034,0.49714525436166623,0.5042239376322765
ERR1018304,0.47264578028990034,0.4036170234791257,0.7220435645274706,0.4906273425692025,0.49995969136291757
ERR1018305,0.47888725040267527,0.4058922911573569,0.19993326967208325,0.5017430933179329,0.4944872004778061
ERR1018306,0.4830638728376635,0.4059090732794439,0.4055644780960986,0.5004354712850209,0.48500298446401224
ERR1018307,0.4782180811760798,0.44960091796020085,0.7694356305090524,0.5145048928471683,0.4935432965336735
ERR1018308,0.4807061537761618,0.3992659951643224,0.045027057693071144,0.4996405403211423,0.49510473578103004
ERR1018309,0.4689639028273236,0.40254624377230286,0.006431088433558184,0.5032221801117415,0.500441285272889
ERR1018310,0.48289097838218886,0.40263198670002853,0.5179842556785453,0.49980328397085055,0.49686550628099235
ERR1018311,0.4764566767432347,0.40298968239419125,0.2837732804135133,0.5036158606265445,0.4980599294111297
ERR1018312,0.48208794344807426,0.4366439569990113,0.9924928885355342,0.5130955284781459,0.4969090992225854
MMRS11288076ST-27-0-0,0.47870960272850105,0.3995415401563811,0.59949061987245,0.09519798285079026,0.4994968348274137
MMRS11932626ST-27-0-0,0.4779004438174143,0.4007690045333735,0.6032525103831514,0.5185742745233612,0.4993983960443226
MMRS12272136ST-27-0-0,0.4802338048500932,0.400825615582279,0.599380399059226,0.07211510262971499,0.49915447929358436
MMRS14379078ST-27-0-0,0.4754146285959301,0.40021619913344014,0.5995765518835047,0.9717455174732674,0.5013166837087214
MMRS14602194ST-27-0-0,0.4787788025142831,0.4015766106966934,0.597613558372675,0.3145591843366473,0.4977321942019464
MMRS15137911ST-27-0-0,0.48002344896407395,0.4057322190623441,0.6083946075985438,0.9545709851085913,0.5014716964738919
MMRS16644320ST-27-0-0,0.4782655097463145,0.4014345573357812,0.6011049698443882,0.5147506737288431,0.4977167554208031
MMRS17603756ST-27-0-0,0.4798456941391968,0.4016185894305879,0.6037095460677777,0.6064100479170779,0.5086774076901676
MMRS17963147ST-27-0-0,0.4770684005846322,0.41184306498032247,0.6001364267738059,0.46348043307336584,0.49918802640696097
MMRS18295921ST-27-0-0,0.480674395443408,0.40561003856202565,0.6009137872414474,0.14360977932722255,0.48988665742432314
MMRS20257302ST-27-0-0,0.48272654519324387,0.40314602317507625,0.6028022308788986,0.3009913498497426,0.5015904682978616
MMRS21365932ST-27-0-0,0.4817402938256745,0.40003611041647774,0.6011085179232372,0.06306829343659752,0.49932906356471457
MMRS24340226ST-27-0-0,0.48277439002393235,0.4021944586975248,0.6050425051843564,0.41953885783338796,0.5019776541658945
MMRS25211151ST-27-0-0,0.4792671832943522,0.4005078103578835,0.5927050249011593,0.45877158408210866,0.4998174705281333
MMRS25641480ST-27-0-0,0.48406535325406563,0.39986306042595676,0.6010629051826013,0.7984892123165411,0.5004107923210981
MMRS29805707ST-27-0-0,0.47794558738832943,0.40270359318111476,0.5975755255862257,0.3116441776364864,0.49938537548457207
MMRS31306426ST-27-0-0,0.4835118808199643,0.4026254597193759,0.6114657782216206,0.7946099820593435,0.49935450725162256
MMRS32573774ST-27-0-0,0.4818802245124656,0.40045334172888075,0.6030433799133338,0.5493038560369825,0.49929844247028315
MMRS33294861ST-27-0-0,0.48111350627857863,0.4019465728511874,0.5999645784325149,0.18136213673466417,0.5003269740217383
MMRS34525504ST-27-0-0,0.4806482273107966,0.4080422121813151,0.601264602146499,0.734774862766493,0.48694284398955145
MMRS34569532ST-27-0-0,0.48221981520064144,0.4003646114844079,0.6031342430940617,0.435439771125221,0.49970982478394654
MMRS35808664ST-27-0-0,0.4799284075234163,0.41278381877148507,0.6015355012096968,0.5905284148011916,0.48712975174125545
MMRS36405092ST-27-0-0,0.4745079550306205,0.39984048178658466,0.5995920491215495,0.5105917444782083,0.49665193252234563
MMRS38861560ST-27-0-0,0.4777460874288655,0.39971434560474767,0.60192334734106,0.6994290792158735,0.5007783012359712
MMRS38954404ST-27-0-0,0.4802283192386017,0.4000908013759378,0.6035078854634055,0.15566033076671948,0.5005808070760523
MMRS39415781ST-27-0-0,0.4777778314701169,0.40080454581748926,0.6014899109504849,0.08498951484328553,0.5046269750916225
MMRS39582183ST-27-0-0,0.4826693927619239,0.4035576859056182,0.6022524652847433,0.5978674825385564,0.4983640753558266
MMRS40913371ST-27-0-0,0.4785091870440755,0.3997476090285414,0.601557077326719,0.9825848626248787,0.49947024654720307
MMRS41266697ST-27-0-0,0.4806379859769326,0.4073586968176918,0.60483391014873,0.6606468893543612,0.5026997195042213
MMRS41711735ST-27-0-0,0.4799267006607622,0.42160761404099034,0.6030339239092432,0.19888307721153792,0.49968427788328995
MMRS42780924ST-27-0-0,0.481233053634983,0.40406814030716126,0.6032894257592409,0.6460012093387988,0.4980452949680678
MMRS43563715ST-27-0-0,0.4786523477286017,0.4029556859245771,0.602651646303165,0.5004815700171941,0.4903366268119914
MMRS43939546ST-27-0-0,0.4779046097015259,0.401996428271614,0.6007655644511414,0.8145699871211877,0.501127855012634
MMRS44197125ST-27-0-0,0.4843675435874872,0.4038267326293002,0.6075602538452812,0.4032230403547297,0.5033039737222547
MMRS44203591ST-27-0-0,0.4852261513907206,0.4027063892049021,0.6014585564898265,0.3012488223697284,0.49999428989399675
MMRS44587603ST-27-0-0,0.48210148992917995,0.4016217030553261,0.6017552927835611,0.5762868958853681,0.4968408074883337
MMRS47662059ST-27-0-0,0.4804940151138717,0.4020845848592109,0.6004412485050034,0.36676627967980385,0.4998018676281578
MMRS47685461ST-27-0-0,0.4756985173407167,0.40144896526461543,0.604514495340171,0.6679066521049234,0.5046822717258158
MMRS51307502ST-27-0-0,0.48222831693607904,0.3936947043992435,0.6014975086047318,0.5922754275335465,0.49617514534533547
MMRS51410669ST-27-0-0,0.4806515147596729,0.40534622514183977,0.6015268156443289,0.8744723893099969,0.5005049568251219
MMRS51728985ST-27-0-0,0.4810852777741108,0.4281379692464872,0.6092853824053358,0.11378937053432026,0.49622622454340115
MMRS51737257ST-27-0-0,0.48050787407463097,0.4004326449025122,0.601073728660303,0.03497713006758914,0.4982687695826026
MMRS54246132ST-27-0-0,0.4787421632071118,0.4091992041107039,0.6012837103589328,0.2726650428245331,0.48650175745527613
MMRS54316675ST-27-0-0,0.4817389667811074,0.40779534330455713,0.6020878089858247,0.09143022793513969,0.49979328426839303
MMRS55294627ST-27-0-0,0.48324096776710546,0.4033349935913302,0.6059050245438578,0.5128275819506956,0.502204326326371
MMRS56137463ST-27-0-0,0.4796935672300232,0.4068099825377444,0.60117428743903,0.4928555102927737,0.5011472254252083
MMRS57276462ST-27-0-0,0.47964278258609033,0.4034932208661267,0.599297309688782,0.6792127556072862,0.49856250779322
MMRS57569834ST-27-0-0,0.4809991060588002,0.4044463877121372,0.6019667686249435,0.8802399109540229,0.49357479661589915
MMRS59699117ST-27-0-0,0.47720903737167253,0.40194702970675605,0.6008463369744402,0.9144086552504355,0.5013444137053045
MMRS61683006ST-27-0-0,0.4794716371422326,0.39985785646686195,0.6011448536357861,0.744034561868814,0.5005042297446881
MMRS62192467ST-27-0-0,0.4864508870943338,0.40072361621653335,0.6084233386394198,0.3904013680661141,0.4992735998562682
MMRS62376181ST-27-0-0,0.47761059708130216,0.4012412731273343,0.6031637175853988,0.9412425683543925,0.5016310913523538
MMRS62666492ST-27-0-0,0.47872037492479685,0.40292386622214843,0.6024760726897217,0.1729634286641547,0.4946196841206661
MMRS64281211ST-27-0-0,0.4854734480630949,0.4062856461489649,0.6054893380996446,0.9224662049523322,0.5021038630631312
MMRS64281551ST-27-0-0,0.4819556792148473,0.412383367857142,0.5961814150864481,0.4820406735860191,0.48438044017708864
MMRS65205033ST-27-0-0,0.4802448330492196,0.4020109229547369,0.6014256605664297,0.7055624706282898,0.49922070041697986
MMRS65742083ST-27-0-0,0.4791909290298273,0.40216359577659355,0.6016159476336962,0.23897448896726642,0.49265881723378735
MMRS65862658ST-27-0-0,0.47295564161431664,0.4003616084525072,0.6003723382158135,0.5558712244795077,0.49947141906780473
MMRS65945127ST-27-0-0,0.4809259058430492,0.4018145720267048,0.6024778158548175,0.759137372727258,0.4990239139564316
MMRS66868025ST-27-0-0,0.4825985193511032,0.40023468759744535,0.6011578718250916,0.5361744435214026,0.49434806873656056
MMRS67096717ST-27-0-0,0.471381230944807,0.40074135880704853,0.6012468010040707,0.012527254564974277,0.49971852222663943
MMRS67247116ST-27-0-0,0.477647298901966,0.40090944674459994,0.5973554329387237,0.7032026154124109,0.5078020301444284
MMRS68630931ST-27-0-0,0.48175426359874546,0.4028384476688224,0.6005340044289609,0.6580614146632439,0.4990116379689987
MMRS68910755ST-27-0-0,0.4874145136397929,0.4036022178953628,0.6079170681193153,0.9737336850596513,0.501377856098462
MMRS71762412ST-27-0-0,0.4810557563431682,0.40177981879769004,0.6039525116326381,0.9271058788840811,0.5040285358484772
MMRS72802364ST-27-0-0,0.48060083912617224,0.4050445364655141,0.6005188879680673,0.9658211907623901,0.4945830155779382
MMRS72980899ST-27-0-0,0.4809733840104616,0.4096208476121187,0.6182446543443642,0.8451328652588506,0.5006424271222343
MMRS73787048ST-27-0-0,0.4766358084712264,0.40018745217716134,0.6007511201396153,0.5779256927501356,0.5027732212316551
MMRS77018926ST-27-0-0,0.48541184010793376,0.3999581748979342,0.6052683883754679,0.3659164035922255,0.503103274201869
MMRS77321055ST-27-0-0,0.47994236512522803,0.4007280081725683,0.5958084580415494,0.9296489244200752,0.49811860417824716
MMRS77487595ST-27-0-0,0.4827586985708413,0.4024727311815685,0.6040929021801362,0.10171606150725529,0.500658707013017
MMRS78791111ST-27-0-0,0.47870212346355606,0.4020141558460254,0.6001078104439197,0.875986118418869,0.49863136704013583
MMRS79893829ST-27-0-0,0.4815641792012916,0.40835301446328837,0.6010203864218701,0.6548148236896838,0.4985339018356468
MMRS80093644ST-27-0-0,0.48259087785959265,0.4038170760912759,0.6046098524141469,0.6754490574357328,0.5075758121340699
MMRS81130264ST-27-0-0,0.48001903802645,0.39972491768136315,0.5975466141511239,0.4880400390757469,0.5113998285595601
MMRS81135225ST-27-0-0,0.48132863362352984,0.4034830237286877,0.5959916124642144,0.6907294045052443,0.5000908306885644
MMRS81194191ST-27-0-0,0.48245883542864704,0.40726144886661464,0.6028170181270022,0.5307360176001925,0.5022264055000891
MMRS81671217ST-27-0-0,0.4789731512396033,0.40746429661416844,0.6010306014962075,0.5612722849654268,0.4909185394848027
MMRS84085284ST-27-0-0,0.4713252679362891,0.40322253228900823,0.6026724520868626,0.9080788369228759,0.5016919807586111
MMRS84159866ST-27-0-0,0.48003536435379895,0.40110733779194857,0.6012703138777865,0.2701641666302798,0.498405213212422
MMRS84954772ST-27-0-0,0.4777943950647005,0.40259017222681576,0.6020971864312225,0.27206925305493856,0.5024632970334014
MMRS85382779ST-27-0-0,0.4795292199679805,0.4021152824254858,0.6014188213581472,0.6889054292572739,0.5014807478484418
MMRS85438660ST-27-0-0,0.4930555170358899,0.3996974256927716,0.5983657946638075,0.6426531991307602,0.505375412654842
MMRS85548821ST-27-0-0,0.4781252264340021,0.4004380915354344,0.6018476297490537,0.648005667877501,0.5066046635742705
MMRS86168210ST-27-0-0,0.48169329566829827,0.40078356015957445,0.6013619400372593,0.43220244537523944,0.49732600258869825
MMRS86178473ST-27-0-0,0.4805931622251889,0.40177305970607063,0.6035621185273532,0.4176755817694014,0.5022509754820516
MMRS86958796ST-27-0-0,0.47902807193882424,0.4003893184523855,0.6004485372569025,0.4453758845626581,0.5009433459900045
MMRS87723283ST-27-0-0,0.47781587203061415,0.4035135512737186,0.6015650736363021,0.8137139629033789,0.4998562036227966
MMRS88581325ST-27-0-0,0.4768109133024873,0.40378651998461534,0.6017734966730871,0.10952461084078091,0.4983948169518582
MMRS90191266ST-27-0-0,0.47724208351568964,0.404492052044379,0.6002570907309458,0.6865203079761575,0.49818181639144554
MMRS91297590ST-27-0-0,0.4821027498944941,0.4032120356976131,0.6046834936045191,0.14247391889377897,0.49937787210061546
MMRS92544445ST-27-0-0,0.4805566632529379,0.4009262792296446,0.6037182303266188,0.3183160881290032,0.5039045066045212
MMRS92546335ST-27-0-0,0.4822704468469123,0.402019694603115,0.604941423899527,0.9417420104159364,0.49951833306475363
MMRS93508324ST-27-0-0,0.47882947170274603,0.40562223036225126,0.6042595276988625,0.6000369120586698,0.5022132781520426
MMRS93621581ST-27-0-0,0.48050190800873943,0.40182098311187536,0.5999867702830559,0.07738258215738693,0.49603579718824314
MMRS94549160ST-27-0-0,0.47913465475531536,0.4020206172816677,0.6003572858087702,0.3370820841527259,0.49945256327385584
MMRS95277876ST-27-0-0,0.48071912723700466,0.39942189575328046,0.600310930914324,0.2902329329329417,0.4992628768680565
MMRS95479054ST-27-0-0,0.48010782519210604,0.40191026979368993,0.5990273576263128,0.12394431283408694,0.49525289680023526
MMRS95674036ST-27-0-0,0.4818718285807403,0.3994222336197669,0.5995801428977905,0.4049556113461665,0.4973537134502804
MMRS96422329ST-27-0-0,0.47903901869367316,0.4001103023176039,0.601585531184312,0.15651191844415827,0.5028529265148822
MMRS97052561ST-27-0-0,0.47895556352533725,0.401051284312814,0.6049137646400626,0.6891723268685872,0.5010007379977526
MMRS97307143ST-27-0-0,0.473968661834446,0.39838627155781503,0.6007862735125453,0.07825245133631381,0.5003124124826211
MMRS97327636ST-27-0-0,0.4741581976047972,0.4039312235070397,0.6060803562904921,0.9902998986814069,0.5003388867179999
MMRS99045180ST-27-0-0,0.4940698826083127,0.3996794337931034,0.5874884062944277,0.6893905358012368,0.5076662119906323
SAMEA3136623,0.4670306328681711,0.047173335462729046,0.5964495799009691,0.4984487588418131,0.49546372778565473
SAMEA3136624,0.4695179146931968,0.6959348487347067,0.6030590529750038,0.4985558446835249,0.4939719133095422
SAMEA3136625,0.4709177661068877,0.021092936113813937,0.6018708644080548,0.4987049271297179,0.49751406236590706
SAMEA3136626,0.4722759913587788,0.050898435415617296,0.5992447696121744,0.5003310670938891,0.49207741372216635
SAMEA3136627,0.4803343869138596,0.9968508844436862,0.6109063910418614,0.501099792846176,0.4996208871464566
SAMEA3136628,0.47413487255236114,0.09595127049491277,0.5991970857173522,0.5040956272115763,0.49470053362551186
SAMEA3136629,0.4786420627742009,0.25256561634346475,0.6033296868870286,0.49857063460520323,0.49910620013769297
SAMEA3136630,0.4777544483627318,0.03293747313594354,0.6001456274060877,0.5004407761053291,0.4940376819210606
SAMEA3136631,0.4710866616839321,0.0468392479060904,0.5958338742313968,0.49896766315235125,0.4944623834975291
SAMEA3136632,0.47807870374451117,0.09015765567855141,0.5987259333516589,0.5005904374348671,0.49271110858480455
SAMEA3136633,0.4588027950176735,0.06828689178975457,0.6018119453509027,0.5025594408744358,0.49542282582349273
SAMEA3136634,0.47667968243525227,0.2291249747021375,0.5998164757838182,0.49889538196678346,0.49626635475648506
SAMEA3136635,0.46508463585839144,0.48742884364027494,0.6025043240822443,0.4949540653480374,0.4987598393622673
SAMEA3136636,0.4706377129159915,0.05703448430940661,0.6017166138972659,0.5003111562531509,0.4893177693475667
SAMEA3136637,0.4770993448628589,0.16714221352914377,0.6019604622226085,0.5012628501337474,0.4947261355086958
SAMEA3136638,0.47274382799055015,0.12953560816372467,0.6006177580264147,0.497547125964098,0.49511019581110066
SAMEA3136639,0.4753578799272105,0.039610342379189784,0.599922239759448,0.4886053274487556,0.49724756867597475
SAMEA3136640,0.47924192164278523,0.1275074661653655,0.6038188631166342,0.49973403759032364,0.4918619501597019
SAMEA3136641,0.4804991495217332,0.9960168273437249,0.6004031135952579,0.5004465347755934,0.501555940097306
SAMEA3136642,0.4803459441472158,0.1763173869283146,0.6022756742468679,0.5009754319484823,0.4984748488537872
SAMEA3136643,0.4770345318752932,0.0806390176934881,0.6009502924594902,0.4994122119146338,0.4985813185451694
SAMEA3136644,0.4782287071293533,0.08451501343186167,0.6010748933975265,0.4987277077018638,0.4967529972012906
SAMEA3136645,0.47859962585319565,0.049091618475150034,0.6051882212160746,0.49921511147612513,0.4993406588181332
SAMEA3136646,0.48060648805286904,0.07042772813864864,0.6022065381768386,0.4996652364888215,0.4914774119681445
SAMEA3136647,0.4810425361733023,0.4564982498507926,0.5964881531907028,0.4981857173707178,0.5023473190543102
SAMEA3136648,0.47800075152485555,0.049362845345167716,0.598616203957,0.498290477287075,0.49665310097423854
SAMEA3136649,0.4701328141919201,0.038381740710063526,0.6016332800405249,0.49663970412598324,0.49544878892717265
SAMEA3136650,0.46593841404332587,0.03061837474174104,0.6033216356901528,0.4999034395570072,0.49170943962111163
SAMEA3136651,0.46763752992197183,0.12733714301485838,0.6035895697589472,0.4970450811364265,0.49670822099813483
SAMEA3136652,0.4775956407324052,0.4162373761490127,0.5987286245489584,0.4983316076497327,0.49456534674800023
SAMEA3136653,0.47154266781216575,0.1217022458114931,0.5999181890802968,0.49761878682219,0.4951346697725629
SAMEA3136654,0.4789180392029122,0.04438110485836394,0.601383536506944,0.4988975550386409,0.49817080280194503
SAMEA3136655,0.47477113870818666,0.090507127026663,0.5993312618777692,0.49783592075084493,0.4968144938766656
SAMEA3136656,0.47407284105254166,0.049415243919073516,0.6008619651323079,0.4965923958646627,0.4957217605771038
SAMEA3136657,0.46740133849637927,0.0692751817029914,0.6038193391850556,0.4999758447256936,0.4985452114522078
SAMEA3136658,0.4788348616926873,0.04758482601924356,0.6009411488368258,0.5012525438295198,0.49799647661551216
SAMEA3136659,0.482539915024948,0.1582666386340802,0.6039101082649034,0.5062846513674173,0.5010880577157574
SAMEA3136660,0.4757069740322354,0.05426200351921345,0.6043129330931595,0.498951499630476,0.497911306249633
SAMEA3136661,0.46547329626054834,0.039612651061017176,0.6023927686548111,0.4997787416920713,0.49644424408144855
SAMEA3136662,0.4664042761831635,0.08130641238040692,0.5986566237919652,0.4959855852621652,0.4973459866651777
SAMEA3136663,0.46756251870922505,0.04987823128347876,0.5992709962789671,0.49777215225467214,0.4942553322082996
SAMEA3136664,0.4780340861670498,0.2284283319411561,0.5995601752660062,0.5055987785980303,0.4972053898992174
SAMEA3136665,0.47986499654411946,0.042697692689277686,0.6017581512771945,0.49437390732757297,0.4994729611791505
SAMEA3136666,0.46561047449535276,0.02539582822883818,0.5984958129831865,0.5002007231727948,0.4985417965162639
SAMEA3136667,0.4807683737178969,0.1294256249038928,0.6017029365510486,0.49829193790368664,0.49761317177353176
SAMEA3136668,0.4821153608355949,0.0416577810777856,0.6005632118307023,0.5017056055169872,0.5022519978747007
SAMEA3136669,0.4736231104888198,0.0706020137292709,0.6011675893876569,0.4990066222907783,0.5015469667275174
SAMEA3136670,0.47773197813308443,0.2115202446227744,0.5973322343938343,0.49878443420244467,0.4930583526764251
SAMEA3136671,0.47439827233598064,0.32896450005759054,0.5997538933778567,0.4992786118277105,0.49655085391019643
SAMEA3136672,0.47320805726601395,0.054926377600214724,0.5982679834760041,0.49946827813409167,0.4978479924158515
SAMEA3136673,0.468623657191246,0.05931022955603308,0.5965741363681611,0.4953896727900888,0.49071928752033567
SAMEA3136674,0.4735626356117161,0.14183472942155684,0.5973204675418482,0.49821826168736216,0.4969161616275058
SAMEA3136675,0.47273635127795655,0.10947273486007794,0.5986484550525356,0.49880529720037,0.49603895888043403
SAMEA3136676,0.47208216346622994,0.08533773959571592,0.599739396080684,0.5018124699786087,0.4904999748164066
SAMEA3136677,0.46535505536504956,0.03173232360763275,0.6024543025102648,0.5004340049096444,0.49105226996466256
SAMEA3136678,0.47694526548379024,0.5365746576812624,0.5995516210921974,0.5134462901104231,0.4906711028341496
SAMEA3136679,0.4677635886762377,0.09549582663374145,0.5979387823375242,0.5061472376248994,0.4926530616542898
SAMEA3136724,0.48073157394014276,0.999770068543406,0.6051659167055068,0.5013517278654,0.4988899623562931
SAMEA3136725,0.4803502195195147,0.6148164150521749,0.6064180208550807,0.4996550065036968,0.5000212601806509
SAMEA3136726,0.48214930636037284,0.9377242759672628,0.6041031827678742,0.49936258820247814,0.500584574998888
SAMEA3136727,0.4789104438404036,0.9914678676704431,0.6029604857434071,0.5039034324415073,0.501481030952826
SAMEA3136728,0.47706936188765026,0.04669636735660718,0.5997916646960473,0.4987608161896701,0.49700192550878625
SAMEA3136729,0.4814754393098927,0.33544495693064785,0.6049836391838329,0.5015021571124044,0.49755963132505127
SAMEA3136730,0.4708490068546085,0.08679869376668442,0.6038285195835628,0.49984598017972665,0.497407073349976
SAMEA3136731,0.479204805687382,0.47397225291062695,0.5992262564185695,0.4988801526342884,0.4973582881800188
SAMEA3136732,0.47912059136239715,0.9835443617519731,0.6017505590581146,0.5010233448470994,0.5009419313078964
SAMEA3136733,0.47473788895401653,0.06043235324748155,0.6035095179168372,0.4943795288886173,0.49364229708796403
SAMEA3136734,0.47916024888647485,0.8868379956316437,0.6026715149579064,0.5033174768326487,0.4894621922963049
SAMEA3136735,0.480596638467151,0.1916418282585332,0.6024320266045551,0.4995756661849985,0.4792508411848569
SAMEA3136736,0.48095285283533246,0.7438744095833061,0.5975755288776777,0.5026728065556231,0.49790503750659054
SAMEA3136737,0.4665526253913366,0.4093944733849761,0.6024020448685486,0.49697850557927775,0.49902096890770814
SAMEA3136738,0.4827555009993436,0.39324861536054134,0.6040149450189912,0.49933403679821864,0.5006502840748853
SAMEA3136739,0.476455695407073,0.22129170495384592,0.6003978178146645,0.5005107761442712,0.49862578450699396
SAMEA3136740,0.478262102379731,0.6502625842728402,0.6012163707645143,0.5054354325520007,0.49766030806010714
SAMEA3136741,0.47137295994438816,0.891181690985891,0.6017661977561489,0.4980488483493437,0.496107549837386
SAMEA3136742,0.4757845312273295,0.0335152136754789,0.6028890518266173,0.499352966764014,0.4983073551140008
SAMEA3136743,0.4730088769697284,0.21558188662772668,0.602555678530285,0.5047337617373864,0.49910991169451546
SAMEA3136744,0.4763959908999093,0.07744115670820742,0.6027046910284826,0.5010877157822624,0.49816466492212513
SAMEA3136745,0.48171046771145315,0.8873494967420024,0.6024234242309323,0.5051121978970845,0.5004262594488709
SAMEA3136746,0.4742084648692971,0.14996233081066532,0.6006885826386182,0.4998917124737651,0.4972593264935678
SAMEA3136747,0.4774771438206366,0.10248839347673466,0.6031149920973785,0.4972920719955624,0.49443207064929584
SAMEA3136748,0.4760280209117515,0.034635975971871916,0.5975826744096647,0.5005940094627033,0.4952444385518918
SAMEA3136749,0.479687047904209,0.08368912464268899,0.6000477169612152,0.49957256185177934,0.49808385086660334
SAMEA3136750,0.46239470855106607,0.038188436862788236,0.6036772912455487,0.49456839925106477,0.49671332995896067
SAMEA3136751,0.4841063614866174,0.09876596700383553,0.6035568027171447,0.5038161981588134,0.4997733362345526
SAMEA3136752,0.47832457039458415,0.9850892282873639,0.5999570763323191,0.5010280788273291,0.49596978461455365
SAMEA3136753,0.472606708103641,0.1806587903330812,0.604614647011028,0.49870294549372995,0.49955252473350137
SAMEA3136754,0.4786176725618869,0.12199749764929649,0.6035361934660615,0.4982077337094167,0.5018416524817602
SAMEA3136755,0.4727871568553524,0.9948786370196018,0.601023118590366,0.5006002531461817,0.49616000283340184
SAMEA3136756,0.4763787529084266,0.38351537094000915,0.6019921394435586,0.4997353044257336,0.49971515447736226
SAMEA3136757,0.47738815250156663,0.7132902067829582,0.6012347304211232,0.5000471189870241,0.4821317488389361
SAMEA3136758,0.4677977603729684,0.42471150740660796,0.6040465046868883,0.49787314751515965,0.4953482391732837
SAMEA3136759,0.48350925921225,0.5732480980277422,0.6057473994594633,0.5046704425996573,0.504722234823325
SAMEA3136760,0.47450249725129195,0.5818467633065866,0.6066034455377842,0.5070077630478099,0.5032712064104893
SAMEA3136761,0.47813562612395893,0.19730942857347544,0.6006185964176403,0.5014992888446611,0.5014766500448592
SAMEA3136762,0.4794479142773672,0.10906350591285933,0.600209782251503,0.5005388052559151,0.5002204974543352
SAMEA3136763,0.48124285024990754,0.8472793192270724,0.6009654456666833,0.5036404324303227,0.49441121378586483
SAMEA3136764,0.4780725965652753,0.047099285342796324,0.6063108032992746,0.4986167026363041,0.503918621611534
SAMEA3136765,0.47832737478891074,0.9105226062188942,0.6028254978032569,0.5237851923679148,0.489820729873183
SAMEA3136766,0.478504705640983,0.09683688837083052,0.6029513960252569,0.508849299996119,0.49263416675077054
SAMEA3136767,0.4620122054816924,0.027545828489771405,0.603209274308118,0.5077659582414206,0.49623436449412256
SAMEA3136768,0.48181730853075944,0.14188423414887033,0.6027899308937131,0.5223204736980752,0.4865912589471294
SAMEA3136769,0.4590126555015966,0.24619791065804758,0.6032986105311322,0.5071349796124813,0.4966470187650193
SAMEA3178936,0.47475110432601286,0.5117271652969363,0.6006595999202089,0.5003115926775666,0.4974332695445092
SAMEA3178937,0.48062875444385983,0.9414044472381823,0.5983619713415269,0.4983517847686845,0.4969789267525016
SAMEA3178938,0.4793045138387896,0.9327992495087617,0.6007993824324906,0.4998638748946559,0.5015010965565092
SAMEA3178939,0.47672813752765814,0.3395174089405494,0.5966382070315849,0.49929802629755443,0.4954108413608974
SAMEA3178940,0.4734875766398907,0.029018567767255282,0.6018512568895573,0.5002915499405531,0.49772593155474376
SAMEA3178943,0.47742627380340946,0.5853278708385184,0.602677895477073,0.49978469477862586,0.5001401176449879
